{"n": 5000, "source": "browserforge", "threshold": -9.044371706248493, "prior": {"gpu": {"macOS": {"apple": 0.9775342465753425, "intel": 0.015342465753424657, "amd": 0.0032876712328767125, "nvidia": 0.001095890410958904, "swiftshader": 0.0027397260273972603}, "Windows": {"intel": 0.5549132947976878, "nvidia": 0.23223393403604217, "amd": 0.16695001700102005, "other": 0.03808228493709623, "swiftshader": 0.003060183611016661, "mobile": 0.0047602856171370285}, "Linux": {"intel": 0.5423728813559322, "nvidia": 0.1694915254237288, "swiftshader": 0.01694915254237288, "amd": 0.2288135593220339, "mobile": 0.0423728813559322}, "Android": {"mobile": 0.9827586206896551, "amd": 0.008620689655172414, "other": 0.008620689655172414}}, "screen": {"macOS": {"desktop-land": 0.3315068493150685, "small-land": 0.0273972602739726, "laptop-land": 0.3802739726027397, "mobile-port": 0.20767123287671233, "large-land": 0.04547945205479452, "small-port": 0.0038356164383561643, "desktop-port": 0.001095890410958904, "mobile-land": 0.002191780821917808, "laptop-port": 0.000547945205479452}, "Windows": {"laptop-land": 0.3597415844950697, "small-land": 0.21047262835770147, "desktop-land": 0.39408364501870113, "large-land": 0.034002040122407345, "mobile-land": 0.0017001020061203672}, "Linux": {"desktop-land": 0.6101694915254238, "laptop-land": 0.17796610169491525, "small-land": 0.13559322033898305, "small-port": 0.01694915254237288, "large-land": 0.05084745762711865, "mobile-port": 0.00847457627118644}, "Android": {"mobile-port": 0.896551724137931, "small-port": 0.09482758620689655, "desktop-land": 0.008620689655172414}}, "cores": {"_": {"8": 0.3374, "10": 0.0558, "4": 0.1868, "9": 0.0052, "24": 0.0148, "20": 0.0226, "14": 0.0214, "12": 0.1446, "32": 0.0148, "16": 0.0844, "6": 0.0242, "2": 0.031, "5": 0.0064, "3": 0.0104, "15": 0.003, "7": 0.0094, "11": 0.0054, "28": 0.0082, "56": 0.0004, "22": 0.005, "23": 0.0006, "13": 0.0008, "18": 0.0042, "48": 0.0008, "19": 0.0002, "40": 0.0002, "384": 0.0006, "30": 0.0002, "21": 0.0004, "44": 0.0002, "36": 0.0004, "25": 0.0002}}}}