{"n": 5000, "source": "browserforge", "threshold": -9.484198388564169, "prior": {"gpu": {"Windows": {"amd": 0.1661600810536981, "intel": 0.5494765281999324, "nvidia": 0.23809523809523808, "other": 0.04018912529550828, "swiftshader": 0.002364066193853428, "mobile": 0.0037149611617696724}, "macOS": {"apple": 0.9769484083424808, "intel": 0.01646542261251372, "nvidia": 0.0010976948408342481, "swiftshader": 0.0038419319429198683, "amd": 0.001646542261251372}, "Android": {"mobile": 0.9797979797979798, "intel": 0.010101010101010102, "other": 0.010101010101010102}, "Linux": {"amd": 0.3050847457627119, "intel": 0.4067796610169492, "nvidia": 0.211864406779661, "mobile": 0.01694915254237288, "swiftshader": 0.059322033898305086}}, "screen": {"Windows": {"laptop-land": 0.3576494427558257, "desktop-land": 0.4012158054711246, "small-land": 0.2093887200270179, "large-land": 0.029381965552178316, "mobile-land": 0.0016886187098953055, "desktop-port": 0.0006754474839581223}, "macOS": {"desktop-land": 0.3188803512623491, "laptop-land": 0.38364434687156973, "small-land": 0.027442371020856202, "mobile-port": 0.20636663007683864, "large-land": 0.05598243688254665, "laptop-port": 0.0010976948408342481, "small-port": 0.0027442371020856204, "desktop-port": 0.0010976948408342481, "mobile-land": 0.0027442371020856204}, "Android": {"mobile-port": 0.9595959595959596, "small-port": 0.020202020202020204, "mobile-land": 0.010101010101010102, "laptop-land": 0.010101010101010102}, "Linux": {"desktop-land": 0.635593220338983, "small-land": 0.1016949152542373, "large-land": 0.07627118644067797, "laptop-land": 0.13559322033898305, "mobile-land": 0.0423728813559322, "small-port": 0.00847457627118644}}, "cores": {"_": {"9-16": 0.3206, "17+": 0.0768, "3-4": 0.1962, "5-8": 0.3794, "<=2": 0.027}}}, "threshold_calibration": "cross-source-conservative (browserforge prior, threshold = min(self-p1, fpgen-p1))"}