{"n": 5000, "source": "browserforge", "threshold": -12.930145061622092, "prior": {"gpu": {"Windows": {"intel": 0.5544286680189318, "nvidia": 0.24678837052062205, "amd": 0.15449628127112913, "other": 0.0392156862745098, "mobile": 0.0037187288708586883, "swiftshader": 0.001352265043948614}, "macOS": {"apple": 0.9716981132075472, "intel": 0.020532741398446172, "swiftshader": 0.004994450610432853, "nvidia": 0.0011098779134295228, "amd": 0.001664816870144284}, "Linux": {"nvidia": 0.1623931623931624, "intel": 0.5641025641025641, "amd": 0.19658119658119658, "swiftshader": 0.02564102564102564, "mobile": 0.05128205128205128}, "Android": {"mobile": 0.975609756097561, "amd": 0.008130081300813009, "nvidia": 0.008130081300813009, "swiftshader": 0.008130081300813009}}, "screen": {"Windows": {"3840x2160": 0.0067613252197430695, "1280x800": 0.029749830966869506, "1920x1080": 0.26132521974306966, "1366x768": 0.09263015551048005, "1600x900": 0.009465855307640297, "1280x720": 0.08079783637592969, "1920x1200": 0.00980392156862745, "1680x1050": 0.03008789722785666, "1536x864": 0.2383367139959432, "5120x1440": 0.002704530087897228, "1536x960": 0.027045300878972278, "2560x1440": 0.072684246112238, "1707x960": 0.0074374577417173765, "2560x1080": 0.004056795131845842, "1128x752": 0.0003380662609871535, "1418x798": 0.000676132521974307, "1280x854": 0.0023664638269100743, "1440x900": 0.01859364435429344, "1812x1019": 0.0016903313049357674, "1463x915": 0.0016903313049357674, "3440x1440": 0.012170385395537525, "2048x1152": 0.005747126436781609, "1707x1067": 0.010480054090601758, "4096x1152": 0.000676132521974307, "1280x768": 0.0003380662609871535, "1862x1048": 0.000676132521974307, "1098x686": 0.0003380662609871535, "1639x1024": 0.0016903313049357674, "1536x1024": 0.001352265043948614, "1664x1110": 0.0030425963488843813, "1360x768": 0.0030425963488843813, "1399x874": 0.000676132521974307, "1281x720": 0.000676132521974307, "1368x912": 0.0016903313049357674, "1475x830": 0.0003380662609871535, "1348x843": 0.0003380662609871535, "1384x779": 0.0010141987829614604, "1402x789": 0.0003380662609871535, "1560x1040": 0.001352265043948614, "1134x709": 0.000676132521974307, "3840x1080": 0.0033806626098715348, "3072x1728": 0.001352265043948614, "1504x1003": 0.0030425963488843813, "1440x810": 0.000676132521974307, "1024x898": 0.000676132521974307, "1756x1098": 0.0003380662609871535, "2560x1600": 0.0003380662609871535, "1515x853": 0.0003380662609871535, "2752x1152": 0.0016903313049357674, "3840x1600": 0.0003380662609871535, "1280x1024": 0.002704530087897228, "1154x649": 0.0003380662609871535, "1229x692": 0.0003380662609871535, "1463x823": 0.0010141987829614604, "1466x825": 0.0010141987829614604, "1280x960": 0.000676132521974307, "1440x1080": 0.0003380662609871535, "1222x764": 0.0003380662609871535, "1494x934": 0.0016903313049357674, "1746x982": 0.001352265043948614, "1376x774": 0.000676132521974307, "1918x920": 0.000676132521974307, "1080x1920": 0.000676132521974307, "1440x960": 0.0023664638269100743, "1561x879": 0.0003380662609871535, "1600x1000": 0.0010141987829614604, "1477x831": 0.000676132521974307, "2195x1235": 0.001352265043948614, "2048x1280": 0.0016903313049357674, "1074x604": 0.0003380662609871535, "1739x979": 0.001352265043948614, "1646x1029": 0.000676132521974307, "1148x646": 0.0003380662609871535, "1164x655": 0.0003380662609871535, "6880x1440": 0.0003380662609871535, "1600x1200": 0.000676132521974307, "1536x865": 0.000676132521974307, "1372x772": 0.0003380662609871535, "3840x1200": 0.0003380662609871535, "1805x1204": 0.000676132521974307, "1500x844": 0.0003380662609871535, "1512x949": 0.0003380662609871535, "1423x800": 0.000676132521974307, "2256x1504": 0.0003380662609871535, "3460x1946": 0.000676132521974307, "1208x755": 0.0003380662609871535, "1067x600": 0.0003380662609871535, "2176x1224": 0.000676132521974307, "1317x741": 0.0003380662609871535, "1639x864": 0.000676132521974307, "4096x1728": 0.0003380662609871535, "1303x733": 0.0003380662609871535, "2328x1310": 0.0003380662609871535, "1685x948": 0.0003380662609871535, "1093x615": 0.000676132521974307, "1114x627": 0.0003380662609871535, "1603x902": 0.0003380662609871535, "1280x1080": 0.001352265043948614, "1707x720": 0.000676132521974307, "1280x801": 0.0003380662609871535, "1123x632": 0.0003380662609871535, "2082x1171": 0.0003380662609871535, "3414x960": 0.0003380662609871535, "1496x842": 0.0003380662609871535, "1231x692": 0.0003380662609871535, "2561x1440": 0.0003380662609871535, "3437x967": 0.0003380662609871535, "972x549": 0.0003380662609871535, "1600x1067": 0.0003380662609871535, "800x600": 0.0003380662609871535, "1574x886": 0.0003380662609871535, "2134x1200": 0.0003380662609871535, "1596x898": 0.0003380662609871535, "1778x1000": 0.0003380662609871535, "1676x943": 0.0003380662609871535, "1360x765": 0.0003380662609871535, "1050x840": 0.0003380662609871535, "1760x990": 0.0003380662609871535, "2434x1369": 0.0003380662609871535, "2556x1432": 0.0003380662609871535, "1191x744": 0.0003380662609871535, "3277x1372": 0.0003380662609871535, "2294x960": 0.0003380662609871535}, "macOS": {"2560x1440": 0.061598224195338516, "1920x1080": 0.11986681465038845, "1470x956": 0.10987791342952276, "390x844": 0.038845726970033294, "5120x1440": 0.00388457269700333, "1728x1117": 0.05327413984461709, "1792x1120": 0.008879023307436182, "3840x2160": 0.008879023307436182, "1710x1112": 0.017203107658157604, "1512x982": 0.09711431742508324, "440x956": 0.03107658157602664, "3440x1440": 0.026637069922308545, "1440x900": 0.11265260821309656, "428x926": 0.011098779134295227, "393x852": 0.04605993340732519, "1680x1050": 0.049944506104328525, "1710x1107": 0.024972253052164262, "1800x1169": 0.011653718091009988, "2560x1080": 0.004439511653718091, "3008x1692": 0.007214206437291898, "1496x967": 0.002774694783573807, "402x874": 0.033851276359600446, "414x736": 0.0011098779134295228, "1280x720": 0.0005549389567147614, "375x812": 0.005549389567147614, "1440x932": 0.002774694783573807, "3840x1620": 0.0005549389567147614, "2240x1260": 0.00776914539400666, "2048x1152": 0.004439511653718091, "1280x800": 0.011098779134295227, "375x667": 0.003329633740288568, "1920x1200": 0.0022197558268590455, "430x932": 0.022752497225305215, "800x600": 0.004439511653718091, "3552x1998": 0.0005549389567147614, "3840x1200": 0.0005549389567147614, "1366x768": 0.003329633740288568, "1920x1243": 0.004439511653718091, "1352x878": 0.0022197558268590455, "2304x1296": 0.001664816870144284, "414x896": 0.007214206437291898, "320x693": 0.0011098779134295228, "2056x1329": 0.005549389567147614, "3840x1600": 0.002774694783573807, "2560x1706": 0.0011098779134295228, "1408x881": 0.0022197558268590455, "1600x900": 0.0022197558268590455, "1637x1024": 0.0005549389567147614, "2560x1664": 0.0011098779134295228, "2048x1280": 0.0011098779134295228, "1280x832": 0.002774694783573807, "820x1180": 0.0022197558268590455, "420x912": 0.0005549389567147614, "2336x1460": 0.0011098779134295228, "2560x1600": 0.0005549389567147614, "834x1210": 0.0005549389567147614, "1312x848": 0.0011098779134295228, "3130x1310": 0.0005549389567147614, "1032x1376": 0.0005549389567147614, "3840x1080": 0.0011098779134295228, "1650x1050": 0.0005549389567147614, "1536x960": 0.0005549389567147614, "3337x1397": 0.0011098779134295228, "2048x858": 0.0005549389567147614}, "Linux": {"2560x1440": 0.13675213675213677, "1707x960": 0.017094017094017096, "1536x864": 0.03418803418803419, "1600x900": 0.02564102564102564, "1920x1080": 0.39316239316239315, "800x600": 0.017094017094017096, "1366x768": 0.06837606837606838, "1485x928": 0.008547008547008548, "1440x900": 0.05982905982905983, "1280x720": 0.008547008547008548, "1024x768": 0.008547008547008548, "3440x1440": 0.042735042735042736, "3072x1728": 0.02564102564102564, "393x873": 0.008547008547008548, "1423x889": 0.008547008547008548, "2048x1152": 0.008547008547008548, "1138x712": 0.017094017094017096, "1536x960": 0.008547008547008548, "1680x1050": 0.042735042735042736, "1164x777": 0.008547008547008548,