{"n": 5000, "source": "browserforge", "threshold": -10.74687672643095, "prior": {"gpu": {"Windows": {"intel": 0.5704906703524534, "amd": 0.14858327574291638, "nvidia": 0.23324118866620594, "other": 0.04077401520387008, "mobile": 0.0048375950241879755, "swiftshader": 0.002073255010366275}, "macOS": {"apple": 0.975635593220339, "intel": 0.014300847457627119, "swiftshader": 0.006885593220338983, "nvidia": 0.00211864406779661, "amd": 0.001059322033898305}, "Linux": {"intel": 0.5233644859813084, "mobile": 0.07476635514018691, "amd": 0.17757009345794392, "nvidia": 0.16822429906542055, "swiftshader": 0.056074766355140186}, "Android": {"mobile": 0.9819819819819819, "intel": 0.009009009009009009, "swiftshader": 0.009009009009009009}}, "screen": {"Windows": {"desktop-land": 0.38147892190739463, "large-land": 0.027297857636489287, "laptop-land": 0.36662059433310296, "small-land": 0.22356599861783, "mobile-land": 0.0010366275051831375}, "macOS": {"mobile-port": 0.20021186440677965, "laptop-land": 0.3744703389830508, "desktop-land": 0.3538135593220339, "large-land": 0.04078389830508475, "mobile-land": 0.005296610169491525, "small-land": 0.021716101694915255, "small-port": 0.0031779661016949155, "desktop-port": 0.0005296610169491525}, "Linux": {"laptop-land": 0.21495327102803738, "desktop-land": 0.6074766355140186, "small-land": 0.056074766355140186, "large-land": 0.102803738317757, "mobile-land": 0.009345794392523364, "small-port": 0.009345794392523364}, "Android": {"mobile-port": 0.9099099099099099, "small-port": 0.09009009009009009}}, "color": {"Windows": {"32": 0.9319281271596407, "30": 0.019695922598479614, "24": 0.04837595024187975}, "macOS": {"24": 0.691207627118644, "30": 0.3040254237288136, "32": 0.004766949152542373}, "Linux": {"24": 0.9906542056074766, "30": 0.009345794392523364}, "Android": {"24": 0.972972972972973, "32": 0.02702702702702703}}, "cores": {"_": {"12": 0.1372, "4": 0.1886, "16": 0.095, "8": 0.3316, "10": 0.0626, "6": 0.0208, "24": 0.0168, "11": 0.01, "2": 0.0252, "3": 0.0104, "20": 0.0268, "27": 0.0002, "15": 0.0028, "14": 0.0206, "32": 0.0132, "22": 0.0036, "9": 0.0042, "7": 0.0086, "28": 0.0054, "5": 0.0052, "64": 0.0008, "18": 0.005, "17": 0.0006, "40": 0.0004, "19": 0.0006, "640": 0.0006, "21": 0.0004, "384": 0.0004, "26": 0.0002, "36": 0.0006, "13": 0.0004, "56": 0.0002, "44": 0.0008, "96": 0.0002}}}}