{"n": 5000, "source": "browserforge", "prior": {"gpu": {"Windows": {"intel": 0.5656565656565656, "nvidia": 0.22424242424242424, "amd": 0.16161616161616163, "other": 0.04377104377104377, "swiftshader": 0.0016835016835016834, "mobile": 0.0030303030303030303}, "macOS": {"apple": 0.9809630459126539, "intel": 0.013997760358342666, "swiftshader": 0.002799552071668533, "nvidia": 0.0011198208286674132, "amd": 0.0011198208286674132}, "Android": {"mobile": 0.9512195121951219, "swiftshader": 0.008130081300813009, "other": 0.032520325203252036, "amd": 0.008130081300813009}, "Linux": {"amd": 0.23140495867768596, "nvidia": 0.19008264462809918, "intel": 0.49586776859504134, "swiftshader": 0.03305785123966942, "mobile": 0.049586776859504134}}, "screen": {"Windows": {"1707x960": 0.006060606060606061, "1280x720": 0.0771043771043771, "1536x864": 0.24343434343434345, "1920x1080": 0.26026936026936026, "1366x768": 0.0898989898989899, "1280x1080": 0.00202020202020202, "1280x800": 0.02457912457912458, "2560x1440": 0.0707070707070707, "1440x900": 0.015488215488215488, "2294x960": 0.00101010101010101, "1360x768": 0.0026936026936026937, "2048x1152": 0.007744107744107744, "3440x1440": 0.014478114478114479, "1600x900": 0.010774410774410775, "1093x615": 0.0016835016835016834, "1536x960": 0.020875420875420877, "1680x1050": 0.03636363636363636, "3840x2160": 0.007407407407407408, "1515x853": 0.0006734006734006734, "2560x1080": 0.007070707070707071, "1360x850": 0.0003367003367003367, "1067x600": 0.0003367003367003367, "1707x1067": 0.011784511784511785, "1231x692": 0.0003367003367003367, "1920x1200": 0.00808080808080808, "1561x879": 0.0006734006734006734, "1280x1024": 0.0047138047138047135, "3414x960": 0.0006734006734006734, "1372x772": 0.0006734006734006734, "1322x826": 0.0003367003367003367, "2195x1235": 0.0013468013468013469, "1280x960": 0.0013468013468013469, "1436x808": 0.0006734006734006734, "1600x1000": 0.0013468013468013469, "1560x1040": 0.0006734006734006734, "1440x960": 0.003367003367003367, "1639x864": 0.0016835016835016834, "1148x646": 0.0003367003367003367, "2439x1372": 0.0003367003367003367, "1506x848": 0.00101010101010101, "1536x865": 0.0006734006734006734, "5120x1440": 0.003703703703703704, "1368x912": 0.003367003367003367, "854x534": 0.0006734006734006734, "1376x774": 0.0013468013468013469, "1182x665": 0.0003367003367003367, "1123x632": 0.0003367003367003367, "1222x764": 0.0003367003367003367, "1440x810": 0.0023569023569023568, "1536x1024": 0.00202020202020202, "1504x1003": 0.003703703703703704, "1463x915": 0.0030303030303030303, "2752x1152": 0.0026936026936026937, "3840x1080": 0.0016835016835016834, "1500x844": 0.0006734006734006734, "1281x720": 0.00101010101010101, "1450x816": 0.00101010101010101, "1463x823": 0.0023569023569023568, "1600x1200": 0.00101010101010101, "4096x1728": 0.0003367003367003367, "1676x943": 0.0006734006734006734, "1862x1048": 0.0003367003367003367, "3072x1728": 0.00101010101010101, "1418x887": 0.0003367003367003367, "3821x1075": 0.0006734006734006734, "1466x825": 0.0006734006734006734, "1865x1049": 0.0003367003367003367, "1397x786": 0.0006734006734006734, "2286x1286": 0.0003367003367003367, "1154x649": 0.0003367003367003367, "1746x982": 0.0003367003367003367, "3437x967": 0.0003367003367003367, "1098x686": 0.0006734006734006734, "1303x733": 0.0003367003367003367, "1646x1030": 0.0003367003367003367, "2000x1125": 0.0003367003367003367, "4096x1152": 0.0003367003367003367, "1581x890": 0.0006734006734006734, "1423x800": 0.0006734006734006734, "1800x1092": 0.0003367003367003367, "1496x842": 0.0003367003367003367, "1664x1110": 0.00101010101010101, "1620x1080": 0.0003367003367003367, "3840x1600": 0.0003367003367003367, "1080x1920": 0.0003367003367003367, "1208x755": 0.0003367003367003367, "3460x1946": 0.0003367003367003367, "3277x1372": 0.0003367003367003367, "1024x641": 0.0003367003367003367, "1778x1000": 0.0003367003367003367, "1600x1067": 0.0003367003367003367, "1482x834": 0.0003367003367003367, "1408x792": 0.0003367003367003367, "2867x1200": 0.0003367003367003367, "1191x744": 0.0003367003367003367, "1280x721": 0.0003367003367003367, "1596x898": 0.0003367003367003367, "1756x1098": 0.0006734006734006734, "1233x694": 0.0003367003367003367, "1291x727": 0.0003367003367003367, "1280x854": 0.0006734006734006734, "1739x979": 0.0006734006734006734, "1383x864": 0.0003367003367003367, "1494x934": 0.0003367003367003367, "1647x1029": 0.0003367003367003367, "1050x840": 0.0003367003367003367, "1918x920": 0.0003367003367003367, "1128x752": 0.0003367003367003367, "1220x687": 0.0003367003367003367, "1348x843": 0.0003367003367003367, "1574x886": 0.0003367003367003367, "1402x789": 0.0003367003367003367, "1492x839": 0.0003367003367003367, "2138x1203": 0.0003367003367003367, "1155x722": 0.0003367003367003367, "1110x625": 0.0003367003367003367, "2556x1432": 0.0003367003367003367, "1970x1108": 0.0003367003367003367, "2561x1440": 0.0003367003367003367, "2176x1224": 0.0003367003367003367, "1418x798": 0.0003367003367003367, "1098x618": 0.0003367003367003367, "1360x765": 0.0003367003367003367, "1164x655": 0.0003367003367003367, "1074x604": 0.0003367003367003367, "1685x948": 0.0003367003367003367}, "macOS": {"3008x1692": 0.007278835386338186, "1792x1120": 0.007838745800671893, "2560x1440": 0.06438969764837627, "1470x956": 0.11198208286674133, "1680x1050": 0.04311310190369541, "402x874": 0.043673012318029114, "1920x1080": 0.12262038073908174, "1512x982": 0.10470324748040313, "3440x1440": 0.023516237402015677, "430x932": 0.022396416573348264, "3840x1600": 0.0033594624860022394, "393x852": 0.048152295632698766, "1536x960": 0.0022396416573348264, "3200x1350": 0.0005599104143337066, "3072x1280": 0.0005599104143337066, "960x540": 0.0011198208286674132, "1920x1200": 0.004479283314669653, "440x956": 0.030795072788353865, "1920x1243": 0.0033594624860022394, "1728x1117": 0.051511758118701005, "414x896": 0.007278835386338186, "1366x768": 0.011198208286674132, "3840x2160": 0.004479283314669653, "1440x900": 0.11366181410974244, "428x926": 0.010078387458006719, "1710x1107": 0.016237402015677492, "800x600": 0.0022396416573348264, "1710x1112": 0.010078387458006719, "1280x832": 0.0022396416573348264, "1280x800": 0.010078387458006719, "2560x1080": 0.005039193729003359, "2992x1934": 0.0011198208286674132, "2240x1260": 0.004479283314669653, "390x844": 0.029115341545352745, "1980x1286": 0.0005599104143337066, "1352x878": 0.0033594624860022394, "2056x1329": 0.013437849944008958, "834x1210": 0.0005599104143337066, "3840x1080": 0.0011198208286674132, "1440x932": 0.002799552071668533, "375x812": 0.003919372900335946, "2048x1152": 0.003919372900335946, "1800x1169": 0.010638297872340425, "810x1080": 0.0011198208286674132, "4608x1296": 0.0005599104143337066, "3200x1800": 0.0005599104143337066, "375x667": 0.005599104143337066, "414x736": 0.0016797312430011197, "1496x967": 0.003919372900335946, "1920x1280": 0.0005599104143337066, "1600x900": 0.0005599104143337066, "1400x900": 0.0005599104143337066, "1952x1098": 0.0011198208286674132, "5120x1440": 0.002799552071668533, "3840x1200": 0.0011198208286674132, "2336x1460": 0.0005599104143337066, "1280x720": 0.0005599104143337066, "3840x1620": 0.0011198208286674132, "1032x1376": 0.0005599104143337066, "1312x848": 0.0005599104143337066, "1650x1050": 0.0005599104143337066, "320x693": 0.0011198208286674132, "1408x881": 0.002799552071668533, "3337x1397": 0.0005599104143337066, "2880x1620": 0.0005599104143337066, "820x1180": 0.0016797312430011197, "1147x745": 0.0005599104143337066, "1920x804": 0.0005599104143337066, "2304x1296": 0.0005599104143337066, "2560x1706": 0.0005599104143337066, "3130x1310": 0.0005599104143337066, "1360x768": 0.0005599104143337066, "420x912": 0.0005599104143337066}, "Android": {"413x919": 0.008130081300813009, "348x755": 0.024390243902439025, "412x924": 0.016260162601626018, "393x873": 0.10569105691056911, "432x959": 0.008130081300813009, "384x832": 0.10569105691056911, "360x800": 0.07317073170731707, "320x712": 0.008130081300813009,